{"stat.useItem.46":13,"achievement.openInventory":16,"stat.damageDealt":945,"stat.useItem.3":1,"stat.useItem.351":5,"achievement.exploreAllBiomes":{"value":0,"progress":["Desert","Sky"]},"achievement.useTorcher":70,"stat.killEntity.Bat":2,"stat.killEntity.Pearcel Mob":4,"stat.flyOneCm":112193,"stat.damageTaken":2147483647,"stat.useItem.88":13,"stat.useItem.121":3,"stat.playOneMinute":39981,"stat.useItem.383":1,"stat.deaths":1,"stat.jump":105,"stat.swimOneCm":2504,"stat.useItem.42":35,"stat.mobKills":6,"stat.walkOneCm":111617,"stat.useItem.35":4}