{"stat.crouchOneCm":16476,"stat.craftItem.minecraft.mossy_cobblestone":19,"stat.enderchestOpened":4,"stat.useItem.minecraft.sticky_piston":39,"stat.useItem.minecraft.stone_button":13,"achievement.exploreAllBiomes":{"value":0,"progress":["Desert"]},"stat.useItem.minecraft.tnt":2,"stat.mineBlock.minecraft.sandstone":2,"stat.useItem.minecraft.redstone_block":20,"stat.craftItem.minecraft.chest":1,"stat.craftingTableInteraction":6,"achievement.openInventory":247,"stat.craftItem.minecraft.furnace":3,"stat.damageDealt":6000,"stat.useItem.minecraft.obsidian":10,"stat.useItem.minecraft.item_frame":4,"stat.killEntity.Cow":4,"stat.fallOneCm":27358,"stat.flyOneCm":754526,"stat.useItem.minecraft.stonebrick":9,"stat.useItem.minecraft.stone":4,"stat.useItem.minecraft.furnace":27,"stat.hopperInspected":13,"stat.damageTaken":2710,"stat.useItem.minecraft.torch":5,"stat.useItem.minecraft.dispenser":2,"stat.useItem.minecraft.ender_chest":1,"stat.useItem.minecraft.redstone_lamp":7,"stat.useItem.minecraft.redstone":179,"stat.drop":92,"stat.useItem.minecraft.dropper":33,"stat.dropperInspected":10,"stat.useItem.minecraft.hopper":60,"stat.useItem.minecraft.repeater":36,"stat.leaveGame":91,"stat.useItem.minecraft.comparator":6,"stat.craftItem.minecraft.iron_ingot":200,"stat.useItem.minecraft.lever":9,"stat.useItem.minecraft.barrier":8,"stat.timeSinceDeath":123170,"stat.useItem.minecraft.mob_spawner":1,"stat.useItem.minecraft.crafting_table":3,"stat.dispenserInspected":6,"stat.playOneMinute":240785,"stat.useItem.minecraft.fireworks":16,"stat.craftItem.minecraft.gold_ingot":1920,"stat.useItem.minecraft.tripwire_hook":10,"stat.deaths":1,"stat.useItem.minecraft.sandstone_stairs":129,"stat.craftItem.minecraft.crafting_table":4,"stat.furnaceInteraction":35,"stat.mobKills":6,"stat.useItem.minecraft.slime":81,"stat.walkOneCm":461557,"stat.useItem.minecraft.string":4,"stat.useItem.minecraft.sandstone":763,"stat.useItem.minecraft.redstone_ore":38,"stat.jump":495,"stat.useItem.minecraft.armor_stand":42,"stat.useItem.minecraft.piston":9,"stat.mineBlock.minecraft.ender_chest":1,"stat.useItem.minecraft.spawn_egg":31,"stat.killEntity.Guardian":2,"stat.sprintOneCm":60190,"stat.craftItem.minecraft.quartz_stairs":80}