{"stat.mineBlock.minecraft.log":13,"achievement.exploreAllBiomes":{"value":0,"progress":["Desert"]},"stat.useItem.minecraft.log":13,"achievement.openInventory":10,"stat.mineBlock.minecraft.sand":16,"stat.useItem.minecraft.furnace":2,"stat.flyOneCm":520,"stat.timeSinceDeath":2457,"stat.playOneMinute":2457,"stat.leaveGame":2,"stat.useItem.minecraft.sand":16,"achievement.mineWood":13,"stat.jump":2,"stat.walkOneCm":21341,"stat.mineBlock.minecraft.dirt":56,"stat.furnaceInteraction":1,"stat.sprintOneCm":2997,"stat.useItem.minecraft.dirt":59}