{"stat.useItem.3":26,"stat.useItem.351":2,"achievement.exploreAllBiomes":{"value":0,"progress":["Desert"]},"achievement.openInventory":20,"stat.fallOneCm":288,"stat.flyOneCm":1572,"stat.drop":30,"stat.mineBlock.42":19,"stat.useItem.4":71,"stat.mineBlock.17":5,"stat.playOneMinute":11137,"stat.useItem.6":2,"achievement.mineWood":5,"stat.mineBlock.6":1,"stat.mineBlock.18":91,"stat.mineBlock.3":2,"stat.jump":40,"stat.useItem.42":7,"stat.mineBlock.4":71,"stat.mineBlock.145":20,"stat.walkOneCm":51583,"stat.mineBlock.138":1,"stat.useItem.359":3}