{"stat.useItem.351":48,"achievement.exploreAllBiomes":{"value":0,"progress":["Desert"]},"stat.useItem.404":3,"stat.useItem.146":5,"stat.useItem.259":184,"achievement.openInventory":26,"stat.flyOneCm":57970,"stat.mineBlock.42":5,"stat.useItem.87":12,"stat.useItem.18":11,"stat.drop":50,"stat.mineBlock.61":1,"stat.useItem.4":1,"stat.useItem.76":14,"stat.diveOneCm":184,"stat.useItem.6":12,"stat.useItem.356":19,"stat.useItem.158":13,"stat.useItem.385":7,"stat.useItem.154":62,"stat.useItem.54":22,"stat.playOneMinute":69000,"stat.useItem.61":7,"stat.jump":194,"stat.useItem.51":2,"stat.swimOneCm":1587,"stat.useItem.331":54,"stat.useItem.42":157,"stat.walkOneCm":202573,"stat.useItem.44":57}