{"stat.useItem.46":14,"achievement.openInventory":22,"stat.killEntity.Sheep":1,"stat.damageDealt":3610,"stat.useItem.3":6,"stat.mineBlock.37":3,"stat.useItem.351":37,"achievement.exploreAllBiomes":{"value":0,"progress":["Plains"]},"stat.useItem.50":6,"stat.mineBlock.31":182,"stat.drop":2,"stat.mineBlock.38":12,"stat.flyOneCm":44719,"stat.useItem.392":14,"stat.playOneMinute":44683,"stat.useItem.383":8,"stat.useItem.295":14,"stat.killEntity.Pearcel Cow":15,"stat.jump":103,"stat.walkOneCm":102264,"stat.swimOneCm":504,"stat.mineBlock.175":7,"stat.mobKills":16}