{"achievement.craftPearcelSword":2,"achievement.openInventory":67,"stat.useItem.338":44,"stat.damageDealt":310,"stat.useItem.23":5,"stat.useItem.3":76,"stat.useItem.351":19,"achievement.exploreAllBiomes":{"value":0,"progress":["Plains","Hell"]},"stat.useItem.50":29,"stat.useItem.49":19,"stat.useItem.259":5,"stat.useItem.143":3,"achievement.craftSugarCookie":32,"stat.useItem.293":8,"stat.flyOneCm":15574,"stat.drop":16,"stat.damageTaken":-2147483269,"stat.playOneMinute":77996,"stat.diveOneCm":131,"stat.useItem.278":2,"stat.useItem.356":13,"stat.killEntity.Slime":1,"stat.deaths":1,"stat.jump":187,"stat.useItem.58":2,"stat.swimOneCm":1479,"stat.useItem.331":23,"stat.killEntity.Witch":1,"stat.mobKills":2,"stat.useItem.12":12,"stat.walkOneCm":144526}